id,name,scope,input_modality,modality_tags,architecture,architecture_tags,downstream_tasks,training_scale,openness_text,openness,fm_strength,notes,primary_source_url,paper_url,code_url,weights_url,project_url,category,task_tags,openness_label,modelling_paradigm_key,modelling_paradigm,modality_complexity_tier_key,modality_complexity_tier,modality_complexity_score,reported_downstream_task_count,reported_downstream_task_count_basis
terramind,TerraMind,Earth observation foundation model,"9 geospatial modalities. Reported sources include Sentinel-1 SAR, Sentinel-2 optical, land-use/land-cover, NDVI/vegetation, DEM/elevation, geographic coordinates, and text/captions.","[""optical"", ""SAR"", ""DEM"", ""text""]",4M-style any-to-any multimodal masked modeling; symmetric Transformer encoder-decoder; dual-scale token-level and pixel-level training; supports Thinking-in-Modalities generation.,"[""Transformer"", ""MAE/MIM"", ""Diffusion/Generative""]","9 PANGAEA benchmark tasks: wildfire burn-scar segmentation, marine debris/oil-spill segmentation, agricultural parcel/crop segmentation, flood/water-body segmentation, urban land-cover segmentation, DynamicEarthNet land-cover segmentation, crop-type mapping in South Sudan, SpaceNet7 building/change detection, AI4SmallFarms agricultural segmentation. Also reports zero-shot / generative tasks: land-use segmentation, water-body mapping, vegetation mapping, geolocation, captioning, text-to-image, and modality-to-modality generation.",Pretrained on >500B tokens; TerraMesh dataset around 9M samples. Large/base variants reported; training used large-scale GPU/HPC setup.,"Open source: model weights, code, and pretraining dataset reported as open/permissive.",open,Strong EO FM,"One of the strongest current EO FMs because it is multimodal, generative, benchmarked, and open.",https://arxiv.org/abs/2504.11171,https://arxiv.org/abs/2504.11171,https://github.com/IBM/terramind,,,Multimodal / generative EO FM,"[""semantic segmentation"", ""land-cover mapping"", ""crop-type mapping"", ""change detection"", ""flood mapping"", ""burn-scar mapping"", ""water-body mapping"", ""zero-shot classification"", ""captioning""]",Open,generative_hybrid,Any-to-any generative / hybrid multimodal system,generalist,Generalist models,4,16,curated_reported_evaluations
copernicus-fm,Copernicus-FM,Earth observation foundation model,"5 major Copernicus/Sentinel streams plus DEM: Sentinel-1 SAR, Sentinel-2 MSI, Sentinel-3 OLCI, Sentinel-5P atmospheric products, DEM/non-spectral metadata.","[""optical"", ""SAR"", ""DEM"", ""climate""]",Extension of DOFA using dynamic hypernetworks and flexible metadata encodings; ViT-style backbone with sensor-aware dynamic patch embedding.,"[""Transformer""]","15 Copernicus-Bench hierarchical tasks: Cloud-S2 segmentation, Cloud-S3 segmentation, EuroSAT-S1 classification, EuroSAT-S2 classification, BigEarthNet-S1 classification, BigEarthNet-S2 classification, LC100Cls-S3 classification, DFC2020-S1 segmentation, DFC2020-S2 segmentation, LC100Seg-S3 segmentation, Flood-S1 change detection, LCZ-S2 classification, Biomass-S3 regression, AQ-NO2-S5P regression, AQ-O3-S5P regression.","Copernicus-Pretrain: 18.7M aligned images, about 920B pixels; joint subset around 220K geospatial grids used in reported ViT-Base pretraining.","Open source: paper reports code, datasets, and model release.",open,Strong EO FM,Broadest Sentinel-specific FM row; includes atmosphere as well as surface tasks.,https://arxiv.org/abs/2503.11849,https://arxiv.org/abs/2503.11849,https://github.com/zhu-xlab/Copernicus-FM,,,Vision / multimodal EO FM,"[""semantic segmentation"", ""scene classification"", ""multi-label classification"", ""change detection"", ""flood mapping"", ""regression / estimation""]",Open,transformer_masked,Transformer / masked-reconstruction encoder,multi_modality,Multi-modality encoders,2,15,curated_reported_evaluations
anysat,AnySat,Earth observation foundation model,"11 distinct modalities/sensors: aerial RGB/NIR, aerial RGB/NIR/elevation, SPOT, NAIP, Sentinel-2, Sentinel-1 ascending, Sentinel-1, ALOS, Landsat-7, Landsat-8, MODIS.","[""optical"", ""SAR"", ""DEM"", ""aerial""]",Scale-adaptive Joint Embedding Predictive Architecture (JEPA); modality-specific encoders/tokens projected into a shared latent space.,"[""Transformer"", ""JEPA""]","Reported/evaluated tasks include land-cover mapping, tree-species identification, crop-type classification, change detection/deforestation detection, climate-type classification, flood mapping, burn-scar mapping, and segmentation over datasets such as TreeSatAI-TS, PASTIS-HD, FLAIR, PLANTED, BraDD-S1TS, SICKLE, TimeSen2Crop, and Sen1Flood11.",Trained on GeoPlex: 5 multimodal datasets and 11 sensors. Public sources reviewed do not report a single token count comparable to TerraMind.,Open source: code and checkpoints available.,open,Strong / emerging EO FM,Strong multimodal representation model; less generative than TerraMind.,https://arxiv.org/abs/2412.14123,https://arxiv.org/abs/2412.14123,https://github.com/gastruc/AnySat,,,Vision / multimodal EO FM,"[""semantic segmentation"", ""land-cover mapping"", ""scene classification"", ""crop-type mapping"", ""change detection"", ""flood mapping"", ""burn-scar mapping""]",Open,joint_embedding,Joint-embedding / contrastive-predictive encoder,multi_modality,Multi-modality encoders,2,9,curated_reported_evaluations
dofa,DOFA,Earth observation foundation model,Spectral satellite imagery across five EO sensors/modalities; wavelength/band metadata used as conditioning signal.,[],Wavelength-conditioned dynamic hypernetwork; shared ViT/MAE-style vision backbone; masked image modeling plus distillation.,"[""Transformer"", ""MAE/MIM""]","Evaluated on remote-sensing classification, semantic segmentation, object detection, and change-detection style benchmarks. Representative datasets include GEO-Bench tasks and common RS tasks such as EuroSAT, BigEarthNet, RESISC45, DOTA/DIOR-style detection, land-cover segmentation, and change detection depending on experiment.",Paper reports continual / hybrid pretraining across five EO modalities. Exact universal token count is not reported in the public abstract/source reviewed.,Open source: code and weights reported.,open,Strong EO FM,Important architecture family because later Copernicus-FM extends DOFA.,https://arxiv.org/abs/2403.15356,https://arxiv.org/abs/2403.15356,https://github.com/zhu-xlab/DOFA,,,Vision / multimodal EO FM,"[""semantic segmentation"", ""scene classification"", ""multi-label classification"", ""object detection"", ""change detection""]",Open,transformer_masked,Transformer / masked-reconstruction encoder,multi_modality,Multi-modality encoders,2,12,curated_reported_evaluations
dofa,DOFA+,Earth observation foundation model,Same DOFA idea extended to stronger non-EO and EO initialization; spectral EO images with wavelength-aware conditioning.,[],DOFA with neural plasticity and hybrid continual pretraining; wavelength-conditioned dynamic hypernetwork adapted from powerful visual backbones such as DINOv2/ViT.,"[""Transformer""]","22 datasets across 4 task families: image classification, semantic segmentation, object detection, and change detection. Named examples: m-BigEarthNet, m-ForestNet, m-Brick-Kiln, m-PV4GER, m-So2Sat, m-EuroSAT; segmentation tasks such as PV4GER-seg, NZ cattle, NeonTree, cashew plantation, South Africa crop type, Chesapeake land-cover; PANGAEA tasks such as burn scars, MADOS marine debris/oil spills, PASTIS, Sen1Floods11, DynamicEarthNet, crop-type mapping, SpaceNet7, AI4SmallFarms; plus RESISC45.",DOFA+ reports strong EO adaptation after about 410K EO image tiles; no universal token count reported.,"Open source / partial: model/code availability reported for DOFA family, but check exact DOFA+ checkpoint license before redistribution.",partial,Strong EO FM,Good row to separate from DOFA because the training strategy and evaluation scale differ.,https://arxiv.org/abs/2403.15356,https://arxiv.org/abs/2403.15356,https://github.com/zhu-xlab/DOFA,,,Vision / multimodal EO FM,"[""semantic segmentation"", ""scene classification"", ""multi-label classification"", ""crop-type mapping"", ""object detection"", ""change detection"", ""flood mapping"", ""burn-scar mapping"", ""water-body mapping""]",Partial / unclear,generative_hybrid,Any-to-any generative / hybrid multimodal system,multi_modality,Multi-modality encoders,2,22,curated_reported_evaluations
galileo,Galileo,Earth observation foundation model,"Many EO modalities over space and time, including multispectral optical, SAR, elevation, weather, and pseudo-label/auxiliary layers.","[""optical"", ""SAR"", ""DEM"", ""climate""]",Self-supervised multimodal encoder with masked modeling plus dual global/local contrastive losses.,"[""Transformer"", ""MAE/MIM""]","11 benchmarks across multiple tasks; representative tasks include crop mapping, flood detection, land-cover/land-use classification, segmentation, and multimodal transfer under missing-modality settings.",Public abstract/source reviewed does not report a single token count. Uses global multimodal pretraining over space-time EO inputs.,Open source: code released under MIT in public repo.,open,Strong / emerging EO FM,A generalist multimodal EO model; exact modality/task breakdown should be checked from the full paper for final publication table.,https://arxiv.org/abs/2502.09356,https://arxiv.org/abs/2502.09356,https://github.com/nasaharvest/galileo,,,Vision / multimodal EO FM,"[""semantic segmentation"", ""scene classification"", ""crop-type mapping"", ""flood mapping""]",Open,joint_embedding,Joint-embedding / contrastive-predictive encoder,multi_modality,Multi-modality encoders,2,11,curated_reported_evaluations
prithvi-eo-1-0,Prithvi-EO-1.0,Earth observation foundation model,NASA HLS Landsat + Sentinel-2 harmonized optical multispectral time series at 30 m.,"[""optical"", ""time series""]",Masked autoencoder with ViT backbone; spatiotemporal patch embeddings for EO time series.,"[""Transformer"", ""MAE/MIM""]","Representative tasks: flood mapping, wildfire burn scar mapping, land-cover classification, crop classification/segmentation, and other HLS-based EO downstream tasks.",Pretrained on large HLS time-series corpus. Commonly reported model size: 100M parameters; token count not reported in the same way as TerraMind.,Open source: weights and code released by NASA/IBM on Hugging Face/GitHub.,open,Strong EO FM for optical/HLS,Narrower than multimodal models but a major first-generation open EO FM.,https://arxiv.org/abs/2310.18660,https://arxiv.org/abs/2310.18660,https://huggingface.co/ibm-nasa-geospatial,,,Vision / multimodal EO FM,"[""semantic segmentation"", ""scene classification"", ""crop-type mapping"", ""flood mapping"", ""burn-scar mapping""]",Open,transformer_masked,Transformer / masked-reconstruction encoder,single_modality,Single-modality encoders,1,4,curated_reported_evaluations
prithvi-eo-2-0,Prithvi-EO-2.0,Earth observation foundation model,"NASA HLS Landsat + Sentinel-2 optical multispectral time series at 30 m, with geolocation and date embeddings.","[""optical"", ""time series""]","MAE/ViT with 3D patch embeddings and temporal-location encodings; 300M, 300M-TL, 600M, and 600M-TL variants.","[""Transformer"", ""MAE/MIM""]","7 named downstream tasks/datasets: Sen1Floods11 flood detection, wildfire scar detection, burn scar intensity, Landslide4Sense landslide detection, US multi-temporal crop segmentation, European multi-temporal land-cover/crop classification, BioMassters above-ground biomass estimation.","4.2M global time-series samples, 45,568 validation samples, >7 years of HLS imagery; 300M and 600M parameter models.",Open source: model weights and GitHub code available.,open,Strong EO FM,Major upgraded Prithvi row; more robust global training than EO-1.0.,https://arxiv.org/abs/2412.02732,https://arxiv.org/abs/2412.02732,,https://huggingface.co/ibm-nasa-geospatial/Prithvi-EO-2.0-300M,,Vision / multimodal EO FM,"[""semantic segmentation"", ""scene classification"", ""crop-type mapping"", ""flood mapping"", ""burn-scar mapping"", ""regression / estimation"", ""time-series analysis""]",Open,transformer_masked,Transformer / masked-reconstruction encoder,single_modality,Single-modality encoders,1,7,curated_reported_evaluations
tessera,TESSERA,Earth observation foundation model,Sentinel-1 SAR plus Sentinel-2 optical time series; pixel-wise multimodal annual surface representations.,"[""optical"", ""SAR"", ""time series""]",Pixel-wise EO FM using Barlow Twins self-supervision and sparse temporal sampling; produces compact embeddings rather than only task-specific outputs.,[],"Six representative benchmarks: TreeSatAI-TS tree species classification, PASTIS-R parcel segmentation, Austrian Crop classification, BioMassters above-ground biomass regression, Borneo canopy-height regression, Austrian Crop semantic segmentation. General use includes land-cover, crop, biomass, canopy, and environmental monitoring.","Produces global annual 10 m embeddings, 128-D latent representation, int8 embedding products; trained over petabyte-scale Sentinel data. Exact token count not reported in reviewed source.","Open source: model weights, code, and embeddings/datasets reported as available.",open,Strong EO FM / embedding FM,"Very relevant because it supplies analysis-ready global embeddings, not only a model checkpoint.",https://arxiv.org/abs/2506.20380,https://arxiv.org/abs/2506.20380,https://github.com/ucam-eo/tessera,https://github.com/ucam-eo/geotessera,,SAR / radar-specialized FM,"[""semantic segmentation"", ""scene classification"", ""crop-type mapping"", ""regression / estimation""]",Open,embedding_field,Embedding product / representation field,multi_modality,Multi-modality encoders,2,6,curated_reported_evaluations
alphaearth-foundations,AlphaEarth Foundations,Earth observation foundation model,"Multisource EO and geospatial observations: optical, radar, 3D laser/LiDAR-like information, climate, Landsat/Sentinel and other public sources integrated into embedding fields.","[""optical"", ""SAR"", ""LiDAR"", ""climate""]","Embedding field model for global mapping from sparse labels; assimilates spatial, temporal, and measurement context into compact annual representations.",[],"Evaluated/advertised for classification, regression, change detection, similarity search, land-use/land-cover mapping, ecosystem/habitat mapping, agriculture/crop mapping, and surface property estimation.",Trained on petabytes of EO data; released as annual 64-band/64-D embedding fields from 2017 onward at roughly 10 m grid scale; about 16x smaller storage than some alternatives.,Partial / closed: embeddings available through Google Earth Engine; full training code/weights not fully open in the same way as TerraMind/Prithvi.,closed,Strong Earth/EO embedding FM,Very strong as an embedding product; less open as a retrainable model.,https://arxiv.org/abs/2507.22291,https://arxiv.org/abs/2507.22291,,https://developers.google.com/earth-engine/datasets/catalog/GOOGLE_SATELLITE_EMBEDDING_V1_ANNUAL,https://deepmind.google/blog/alphaearth-foundations-helps-map-our-planet-in-unprecedented-detail/,Earth-system / climate FM,"[""land-cover mapping"", ""scene classification"", ""crop-type mapping"", ""change detection"", ""regression / estimation""]",Closed,embedding_field,Embedding product / representation field,generalist,Generalist models,4,8,curated_reported_evaluations
clay-v1-5,Clay v1.5,Earth observation foundation model,"Multi-sensor imagery and metadata: Sentinel-1, Sentinel-2, Landsat, NAIP, LINZ, MODIS and other satellite/aerial data; includes location, time, GSD, and band metadata.","[""optical"", ""SAR"", ""aerial""]",Geospatial MAE/ViT with dynamic embedding for arbitrary bands and sensors; two-stage transformer and DINO/teacher-style representation components in v1.5 materials.,"[""Transformer"", ""MAE/MIM""]","Embeddings/fine-tuning for classification, regression, generative tasks, crop and land-cover mapping, above-ground biomass/productivity, change detection, deforestation, wildfire, flood, destruction/urban development monitoring.","About 70M globally sampled image chips; roughly 6,400 H100 GPU-hours reported for training. Token count not reported in TerraMind-style units.",Open source: Apache-2.0-style code/weights model resources reported.,open,Strong EO FM,One of the most practically accessible open geospatial FMs.,https://clay-foundation.github.io/model/,https://clay-foundation.github.io/model/,,,https://clay-foundation.github.io/model/,Vision / multimodal EO FM,"[""land-cover mapping"", ""scene classification"", ""crop-type mapping"", ""change detection"", ""flood mapping"", ""burn-scar mapping"", ""regression / estimation""]",Open,joint_embedding,Joint-embedding / contrastive-predictive encoder,multi_modality,Multi-modality encoders,2,7,task_label_count_fallback
satmae,SatMAE,Earth observation foundation model,"Primarily multispectral satellite imagery, with spatial and temporal grouping variants for Sentinel/fMoW-style data.","[""optical"", ""time series""]",Masked Autoencoder adapted to satellite imagery; grouped patch embedding for spectral and temporal structure.,"[""Transformer"", ""MAE/MIM""]","Scene classification, land-cover classification, semantic segmentation, and transfer to datasets such as EuroSAT, fMoW-Sentinel, BigEarthNet-style classification, and segmentation datasets.",Training uses large RS image corpora such as fMoW-Sentinel/fMoW-RGB depending on variant; exact token count not consistently reported in public summaries.,Open source / partial: code and some pretrained weights available in public repos.,partial,Strong early EO FM,Foundational MAE baseline for many later EO FMs.,https://proceedings.neurips.cc/paper_files/paper/2022/hash/01c561df365429f33fcd7a7faa44c985-Abstract-Conference.html,https://proceedings.neurips.cc/paper_files/paper/2022/hash/01c561df365429f33fcd7a7faa44c985-Abstract-Conference.html,https://github.com/sustainlab-group/SatMAE,,,Vision / multimodal EO FM,"[""semantic segmentation"", ""scene classification"", ""multi-label classification""]",Partial / unclear,transformer_masked,Transformer / masked-reconstruction encoder,single_modality,Single-modality encoders,1,4,curated_reported_evaluations
satmae,SatMAE++,Earth observation foundation model,Multispectral and temporal satellite image streams; focuses on spectral-temporal adaptation.,"[""optical"", ""time series""]",Improved SatMAE-style masked autoencoding with stronger temporal/spectral reconstruction and transfer.,"[""Transformer"", ""MAE/MIM""]","Scene classification, multi-label classification, segmentation, and temporal/multispectral EO transfer tasks.",Training scale varies by experiment; exact global token count not reported in source reviewed.,Open source / partial.,partial,Strong / partial EO FM,"Useful as an improved MAE family member, but not as broadly multimodal as TerraMind/Galileo.",https://doi.org/10.1109/cvpr52733.2024.02627,https://doi.org/10.1109/cvpr52733.2024.02627,https://github.com/techmn/satmae_pp,,,Vision / multimodal EO FM,"[""semantic segmentation"", ""scene classification"", ""multi-label classification"", ""time-series analysis""]",Partial / unclear,transformer_masked,Transformer / masked-reconstruction encoder,single_modality,Single-modality encoders,1,4,task_label_count_fallback
scale-mae,Scale-MAE,Earth observation foundation model,High-resolution optical remote-sensing images with scale/GSD metadata.,"[""optical""]",Masked autoencoder with scale-aware positional encoding; ViT backbone adapted for different spatial resolutions.,"[""Transformer"", ""MAE/MIM""]","Scene classification, semantic segmentation, instance/object detection, and transfer to high-resolution RS benchmarks.",Pretrained on large high-resolution remote-sensing imagery; exact token count not reported in public abstract/source reviewed.,Open source / partial.,partial,Partial / strong for optical HR imagery,Good for spatial-scale robustness; less multimodal.,https://doi.org/10.1109/iccv51070.2023.00378,https://doi.org/10.1109/iccv51070.2023.00378,https://github.com/bair-climate-initiative/scale-mae,,,Vision / multimodal EO FM,"[""semantic segmentation"", ""scene classification"", ""object detection""]",Partial / unclear,transformer_masked,Transformer / masked-reconstruction encoder,single_modality,Single-modality encoders,1,4,curated_reported_evaluations
croma,CROMA,Earth observation foundation model,Sentinel-1 SAR and Sentinel-2 multispectral optical imagery.,"[""optical"", ""SAR""]",Contrastive Radar-Optical Masked Autoencoder; dual-modality pretraining with radar-optical alignment.,"[""Transformer"", ""MAE/MIM""]","Land-cover mapping/classification, crop mapping, flood mapping, burn scar/segmentation, and transfer to GEO-Bench/PANGAEA-style tasks.",Pretrained on large aligned Sentinel-1/Sentinel-2 pairs; exact token count not reported in source reviewed.,Open source / partial.,partial,Strong multimodal EO FM,Important radar-optical baseline.,https://arxiv.org/abs/2311.00566,https://arxiv.org/abs/2311.00566,https://github.com/antofuller/CROMA,,,SAR / radar-specialized FM,"[""semantic segmentation"", ""land-cover mapping"", ""scene classification"", ""crop-type mapping"", ""flood mapping"", ""burn-scar mapping""]",Partial / unclear,joint_embedding,Joint-embedding / contrastive-predictive encoder,multi_modality,Multi-modality encoders,2,5,curated_reported_evaluations
skysense,SkySense,Earth observation foundation model,"Multimodal remote-sensing imagery including optical, SAR, multispectral/time-series and high-resolution imagery.","[""optical"", ""SAR"", ""time series""]",Large multimodal RSFM with modular backbones that can be combined or used independently.,[],"16 datasets over 7 tasks; representative tasks include scene classification, land-use/land-cover classification, semantic segmentation, object detection, change detection, crop/agricultural mapping, and disaster/environmental monitoring.",Reported as a billion-scale model pretrained on a curated multimodal RSI dataset of about 21.5M images.,Partial/open: repository available; check exact pretrained-weight availability/licensing.,partial,Strong EO FM,One of the earlier large multimodal RSFMs.,https://openaccess.thecvf.com/content/CVPR2024/html/Guo_SkySense_A_Multi-Modal_Remote_Sensing_Foundation_Model_Towards_Universal_Interpretation_CVPR_2024_paper.html,https://openaccess.thecvf.com/content/CVPR2024/html/Guo_SkySense_A_Multi-Modal_Remote_Sensing_Foundation_Model_Towards_Universal_Interpretation_CVPR_2024_paper.html,https://github.com/Jack-bo1220/SkySense,,,Vision / multimodal EO FM,"[""semantic segmentation"", ""scene classification"", ""crop-type mapping"", ""object detection"", ""change detection""]",Partial / unclear,transformer_masked,Transformer / masked-reconstruction encoder,multi_modality,Multi-modality encoders,2,7,curated_reported_evaluations
skysense,SkySense++,Earth observation foundation model,Multimodal remote-sensing images; expanded multimodal corpus relative to SkySense.,[],Scaled-up SkySense-style multimodal RSFM.,[],"Reported to improve across 12 EO tasks. Representative task families: classification, segmentation, object detection, change detection, crop/agriculture, disaster/environment monitoring.",Secondary sources report around 27M multimodal images; exact tokens not reported.,Partial / unclear: verify official checkpoint status before use.,partial,Strong / emerging EO FM,"Included because it appears in 2025/2026 surveys, but source details need careful paper verification.",https://www.nature.com/articles/s42256-025-01078-8,https://www.nature.com/articles/s42256-025-01078-8,https://github.com/kang-wu/SkySensePlusPlus,,,Vision / multimodal EO FM,"[""semantic segmentation"", ""scene classification"", ""crop-type mapping"", ""object detection"", ""change detection""]",Partial / unclear,transformer_masked,Transformer / masked-reconstruction encoder,multi_modality,Multi-modality encoders,2,12,curated_reported_evaluations
skysense-v2,SkySense V2,Earth observation foundation model,Unified multimodal remote-sensing inputs with varying resolutions and modality prompts.,"[""text""]","Single Transformer backbone; adaptive patch merging, learnable modality prompt tokens, MoE module, SSL tailored for RS images.","[""Transformer""]","16 datasets over 7 tasks; task families include scene classification, land-cover/land-use classification, semantic segmentation, object detection, change detection, crop/agricultural mapping, and disaster/environmental applications.",Exact token count not in public abstract; model reports broad multimodal pretraining and average improvement over SkySense.,Partial / likely open paper; verify code/weights status.,partial,Strong EO FM,Good row for newest SkySense family; avoid merging with original SkySense.,https://arxiv.org/abs/2507.13812,https://arxiv.org/abs/2507.13812,,,,Vision / multimodal EO FM,"[""semantic segmentation"", ""scene classification"", ""crop-type mapping"", ""object detection"", ""change detection""]",Partial / unclear,vision_language,Vision-language / EO MLLM,vision_language,Vision-language / MLLM,3,16,extracted_from_description
spectralgpt,SpectralGPT,Earth observation foundation model,"Spectral / multispectral / hyperspectral remote-sensing images; supports varying image size, resolution, time series, and regions.","[""optical"", ""time series""]",3D generative pretrained Transformer/GPT for spatial-spectral token generation and multi-target reconstruction.,"[""Transformer"", ""MLLM"", ""Diffusion/Generative""]","Four downstream tasks: single-label scene classification, multi-label scene classification, semantic segmentation, and change detection.",Trained on 1M spectral RS images; models over 600M parameters.,Open source / partial: paper and some implementations/checkpoints; verify official checkpoint license.,partial,Strong spectral EO FM,Strong if your table covers spectral FMs; less multimodal across sensors.,https://doi.org/10.1109/tpami.2024.3362475,https://doi.org/10.1109/tpami.2024.3362475,https://github.com/danfenghong/IEEE_TPAMI_SpectralGPT,,,Spectral / hyperspectral FM,"[""semantic segmentation"", ""scene classification"", ""multi-label classification"", ""change detection""]",Partial / unclear,vision_language,Vision-language / EO MLLM,single_modality,Single-modality encoders,1,4,curated_reported_evaluations
spectralearth,SpectralEarth,Earth observation foundation model,"Hyperspectral EnMAP imagery, multi-temporal patches.","[""optical"", ""time series""]",Hyperspectral FM suite using SSL backbones plus spectral adapters.,[],Four downstream datasets for land-cover and crop-type mapping; cross-sensor generalization and HSI classification/segmentation tasks.,"538,974 image patches, 415,153 unique locations, >11,636 EnMAP scenes over 2 years; 17.5% multi-temporal locations.","Open source planned/reported: dataset, models and code to be made public.",open,Strong hyperspectral EO FM,Important HSI-specific foundation model/dataset row.,https://doi.org/10.1109/jstars.2025.3581451,https://doi.org/10.1109/jstars.2025.3581451,https://github.com/zhu-xlab/softcon,,,Spectral / hyperspectral FM,"[""semantic segmentation"", ""scene classification"", ""crop-type mapping""]",Open,transformer_masked,Transformer / masked-reconstruction encoder,multi_modality,Multi-modality encoders,2,3,task_label_count_fallback
hypersigma,HyperSIGMA,Earth observation foundation model,Hyperspectral imagery.,"[""optical""]","Hyperspectral foundation model with spectral-spatial representation learning, adapted from vision foundation techniques.",[],"Hyperspectral classification, segmentation, target/anomaly detection and transfer across HSI datasets.",Large HSI pretraining corpus; exact public token count not reported in reviewed source.,Open source / partial.,partial,Strong hyperspectral FM,Include as HSI branch; verify exact task list from paper for publication.,https://arxiv.org/abs/2406.11519,https://arxiv.org/abs/2406.11519,https://github.com/WHU-Sigma/HyperSIGMA,,,Spectral / hyperspectral FM,"[""semantic segmentation"", ""scene classification""]",Partial / unclear,transformer_masked,Transformer / masked-reconstruction encoder,single_modality,Single-modality encoders,1,2,task_label_count_fallback
s2mae,S2MAE,Earth observation foundation model,Sentinel-2 multispectral imagery.,"[""optical""]",Sentinel-2 masked autoencoder with spectral-aware patch masking/reconstruction.,"[""Transformer"", ""MAE/MIM""]","Land-cover classification, scene classification, semantic segmentation and Sentinel-2 transfer tasks.",Pretraining scale not clearly reported in registry source; token count not reported.,Open source / partial.,partial,Partial / early EO FM,Sensor-specific MAE baseline.,https://openaccess.thecvf.com/content/CVPR2024/papers/Li_S2MAE_A_Spatial-Spectral_Pretraining_Foundation_Model_for_Spectral_Remote_Sensing_CVPR_2024_paper.pdf,https://openaccess.thecvf.com/content/CVPR2024/papers/Li_S2MAE_A_Spatial-Spectral_Pretraining_Foundation_Model_for_Spectral_Remote_Sensing_CVPR_2024_paper.pdf,,,,Spectral / hyperspectral FM,"[""semantic segmentation"", ""scene classification""]",Partial / unclear,transformer_masked,Transformer / masked-reconstruction encoder,single_modality,Single-modality encoders,1,2,task_label_count_fallback
seco,SeCo,Earth observation foundation model,Multispectral Sentinel-2 image time series.,"[""optical"", ""time series""]",Seasonal contrastive self-supervised learning using temporal views of the same location.,[],"Scene classification, land-cover mapping, crop classification, and transfer to downstream RS tasks.",Large unlabeled Sentinel-2 time-series pretraining; exact token count not in source reviewed.,Open source / partial.,partial,Pre-FM / partial EO FM,"Important predecessor, but not always counted as a full FM under strict modern definitions.",https://arxiv.org/abs/2103.16607,https://arxiv.org/abs/2103.16607,,,,Vision / multimodal EO FM,"[""land-cover mapping"", ""scene classification"", ""crop-type mapping""]",Partial / unclear,joint_embedding,Joint-embedding / contrastive-predictive encoder,multi_modality,Multi-modality encoders,2,3,task_label_count_fallback
satlaspretrain-satlasnet,SatlasPretrain / SatlasNet,Earth observation foundation model,"Global satellite imagery, mainly optical/multispectral, with labels from a large geospatial atlas.","[""optical""]",Large-scale pretraining for geospatial computer vision; multitask supervised/self-supervised components depending on version.,[],"Object detection, land-cover/land-use classification, segmentation, building/road/solar/wind and other map-feature extraction tasks.",Large global Satlas corpus; exact token count not reported in the same way as TerraMind.,Open source / partial: datasets/models available with license constraints.,partial,Strong geospatial CV FM / partial EO FM,"Excellent for map-feature extraction, less universal multimodal EO.",https://satlas.allen.ai/,https://satlas.allen.ai/,,,,Vision / multimodal EO FM,"[""semantic segmentation"", ""scene classification"", ""object detection""]",Partial / unclear,transformer_masked,Transformer / masked-reconstruction encoder,multi_modality,Multi-modality encoders,2,3,task_label_count_fallback
gfm-billion-scale-rsfm,GFM / Billion-scale RSFM,Earth observation foundation model,High-resolution optical remote-sensing imagery.,"[""optical""]","Scaled ViT foundation model family, including 86M, 605M, 1.3B, and 2.4B parameter models.","[""Transformer""]",Rotated object detection on DOTA v2.0 and DIOR-R; semantic segmentation on Potsdam and LoveDA.,"Model sizes 86M, 605M, 1.3B, 2.4B parameters; exact image/token count not in abstract snippet reviewed.",Open source / partial: verify exact weight release.,partial,Partial / strong optical RS FM,Scale study more than a broad multimodal EO model.,https://arxiv.org/abs/2304.05215,https://arxiv.org/abs/2304.05215,,,,Vision / multimodal EO FM,"[""semantic segmentation"", ""object detection""]",Partial / unclear,transformer_masked,Transformer / masked-reconstruction encoder,multi_modality,Multi-modality encoders,2,2,task_label_count_fallback
mmearth-mp-mae,MMEarth / MP-MAE,Earth observation foundation model,12+ multimodal EO/geospatial modalities depending on dataset version; optical imagery with auxiliary geospatial modalities.,"[""optical""]",Multi-Pretext Masked Autoencoder using ConvNeXt V2; learns optical representations from multimodal pretext tasks.,"[""Transformer"", ""MAE/MIM""]",Image classification and semantic segmentation; also used/extended in MMEarth-Bench for five multimodal environmental tasks.,"MMEarth pretraining dataset: 1.2M global locations. MMEarth-Bench: five tasks, 12 modalities, global in-/out-of-distribution splits.",Open source / partial: dataset/code/project resources linked.,partial,Strong multimodal pretraining dataset/model,More a model+dataset pretext framework than a single widely deployed checkpoint.,https://doi.org/10.1007/978-3-031-73039-9_10,https://doi.org/10.1007/978-3-031-73039-9_10,,,https://vishalned.github.io/mmearth/,Vision / multimodal EO FM,"[""semantic segmentation"", ""scene classification""]",Partial / unclear,transformer_masked,Transformer / masked-reconstruction encoder,multi_modality,Multi-modality encoders,2,2,task_label_count_fallback
omnisat,OmniSat,Earth observation foundation model,"Aligned EO modalities: multispectral optical, SAR, aerial/spot time-series depending on augmented datasets.","[""optical"", ""SAR"", ""time series"", ""aerial""]",Self-supervised modality fusion architecture that merges diverse EO modalities using alignment.,[],"Three named task groups: forestry, land-cover classification, and crop mapping.",Creates two multimodal datasets by augmenting existing datasets; exact token count not reported in abstract.,Open source: code and datasets available.,open,Strong multimodal EO FM,Good multimodal fusion baseline.,https://doi.org/10.1007/978-3-031-73390-1_24,https://doi.org/10.1007/978-3-031-73390-1_24,https://github.com/gastruc/OmniSat,,,Vision / multimodal EO FM,"[""scene classification"", ""crop-type mapping""]",Open,joint_embedding,Joint-embedding / contrastive-predictive encoder,multi_modality,Multi-modality encoders,2,2,task_label_count_fallback
presto,Presto,Earth observation foundation model,Pixel-level remote-sensing time series; multisensor tabular/time-series EO variables.,"[""time series""]",Lightweight transformer for remote-sensing time series.,"[""Transformer""]","Segmentation, multilabel scene classification, regression, and globally distributed tasks; used for crop, land-cover, biomass/agriculture-like time-series applications.",Designed to be lightweight. Exact token count not reported in summary; trained on remote-sensing pixel time-series.,Open source: MIT GitHub repository.,open,Partial / strong for time-series EO,"Not image-patch FM in the same sense as TerraMind, but very useful operationally.",https://arxiv.org/abs/2304.14065,https://arxiv.org/abs/2304.14065,https://github.com/nasaharvest/presto,,,Vision / multimodal EO FM,"[""semantic segmentation"", ""scene classification"", ""crop-type mapping"", ""regression / estimation""]",Open,transformer_masked,Transformer / masked-reconstruction encoder,multi_modality,Multi-modality encoders,2,4,task_label_count_fallback
earthpt,EarthPT,Earth observation foundation model,Optical spectral surface reflectance sequences over 400–2300 nm; temporal EO forecasting data.,"[""optical"", ""time series""]",Autoregressive decoding Transformer around 700M parameters; learns to forecast future pixel-level surface reflectances.,"[""Transformer""]",Dynamic land-use classification and temporally aware EO prediction/forecasting tasks.,"700M parameters; paper describes very large potential token space, but exact realized token count should be verified from full paper.",Partial / unclear.,partial,Emerging EO FM,More forecasting-oriented than segmentation benchmark-oriented.,https://arxiv.org/abs/2309.07207,https://arxiv.org/abs/2309.07207,https://github.com/aspiaspace/EarthPT,,,Vision / multimodal EO FM,"[""scene classification"", ""forecasting / prediction"", ""time-series analysis""]",Partial / unclear,embedding_field,Embedding product / representation field,generalist,Generalist models,4,3,task_label_count_fallback
earthmae-earthview,EarthMAE / EarthView,Earth observation foundation model,"Hyperspectral, multispectral, topographical, segmentation maps, and temporal structure from NEON/Sentinel/Satellogic.","[""optical"", ""time series""]",Masked autoencoder for multimodal EarthView dataset.,"[""Transformer"", ""MAE/MIM""]",Downstream remote-sensing tasks over Satellogic/NEON/Sentinel imagery; land-cover/segmentation-style adaptation.,"EarthView spans about 15 tera-pixels from NEON, Sentinel, and 1 m Satellogic imagery from 2017–2022.",Open source / partial.,partial,Emerging EO FM/dataset,Include mainly as an important dataset-backed MAE effort.,https://arxiv.org/abs/2301.04507,https://arxiv.org/abs/2301.04507,,,,Vision / multimodal EO FM,"[""semantic segmentation""]",Partial / unclear,transformer_masked,Transformer / masked-reconstruction encoder,multi_modality,Multi-modality encoders,2,1,task_label_count_fallback
terrafm,TerraFM,Earth observation foundation model,"Globally distributed Sentinel-1 SAR and Sentinel-2 optical imagery, with land-cover-aware sampling.","[""optical"", ""SAR""]",Scalable self-supervised model using radar/optical as natural augmentations; modality-specific encoders and shared representation.,"[""Transformer""]","Scene classification, semantic segmentation, and transfer to land-cover/environmental tasks reported in paper.",Globally distributed S1/S2 imagery with large spatial tiles; exact token count not reported in abstract.,Partial / unclear.,partial,Strong / emerging EO FM,Good for S1/S2 multimodal transfer.,https://arxiv.org/abs/2506.06281,https://arxiv.org/abs/2506.06281,https://github.com/mbzuai-oryx/TerraFM,,,SAR / radar-specialized FM,"[""semantic segmentation"", ""scene classification""]",Partial / unclear,transformer_masked,Transformer / masked-reconstruction encoder,multi_modality,Multi-modality encoders,2,2,task_label_count_fallback
thor,THOR,Earth observation foundation model,"Copernicus Sentinel-1, Sentinel-2, Sentinel-3 OLCI, and Sentinel-3 SLSTR at native 10 m to 1000 m resolutions.","[""optical"", ""SAR""]",Compute-adaptive foundation model; randomized patch and image-size pretraining; flexible patch-size inference without retraining.,[],"PANGAEA-style downstream climate and society applications; strong in data-limited 10% split. Task families include land-cover, crop, flood, burn scar, marine/debris, and environmental monitoring.","Pretrained on THOR Pretrain, a new large-scale multi-sensor dataset. Exact token count not reported in abstract.",Open/partial: verify released code/weights after paper publication.,partial,Strong / emerging EO FM,"Very new 2026 model, important for native-resolution flexibility.",https://arxiv.org/abs/2601.16011,https://arxiv.org/abs/2601.16011,https://github.com/FM4CS/THOR,,,Earth-system / climate FM,"[""crop-type mapping"", ""flood mapping"", ""burn-scar mapping""]",Partial / unclear,transformer_masked,Transformer / masked-reconstruction encoder,multi_modality,Multi-modality encoders,2,13,curated_reported_evaluations
olmoearth,OlmoEarth,Multimodal Earth observation foundation model,Multimodal spatio-temporal EO imagery and auxiliary geospatial modalities.,"[""optical"", ""SAR"", ""DEM"", ""climate"", ""time series""]",Stable latent image modeling for multimodal Earth observation.,"[""Generative"", ""Representation learning""]","Embeddings evaluated on 24 tasks; full fine-tuning reported on 29 tasks, including classification, segmentation, regression, and mapping applications. Exact task list should be checked against the paper when needed.","To be verified from the paper; source code, training data, and pretrained weights are reported as available.","Open source: code, training data, and pretrained weights reported available.",open,Strong / emerging EO FM,Important open multimodal EO foundation model. Full task names should be verified before using the count in a publication table.,https://arxiv.org/abs/2511.13655,https://arxiv.org/abs/2511.13655,https://github.com/allenai/olmoearth_pretrain,,,Multimodal / generative EO FM,"[""semantic segmentation"", ""scene classification"", ""regression / estimation""]",Open,generative_hybrid,Any-to-any generative / hybrid multimodal system,generalist,Generalist models,4,29,curated_reported_evaluations
satmamba,SatMamba,Earth observation foundation model,"High-resolution remote-sensing imagery, including long multiband/multitemporal sequences.","[""time series""]",Masked-autoencoding framework with State Space Model/Mamba backbone for linear scaling.,"[""MAE/MIM"", ""Mamba""]","High-resolution imagery tasks: classification, segmentation, object detection/change style transfer tasks, depending on benchmark.",Exact token count not reported in abstract; designed for long EO sequences where ViT quadratic scaling is costly.,Open source: code available in HRSFM repository.,open,Emerging EO FM,Architecture alternative to ViT/MAE.,https://arxiv.org/abs/2502.00435,https://arxiv.org/abs/2502.00435,https://github.com/mdchuc/HRSFM,,,Vision / multimodal EO FM,"[""semantic segmentation"", ""scene classification"", ""object detection""]",Open,state_space,State-space / sequence model,single_modality,Single-modality encoders,1,4,curated_reported_evaluations
saratr-x,SARATR-X,Earth observation foundation model,Synthetic Aperture Radar imagery.,"[""SAR""]","SAR-specialized foundation model, likely Transformer/MAE-style depending on variant.","[""Transformer"", ""MAE/MIM""]","SAR classification, detection, segmentation and transfer tasks.",Training scale not available from registry source reviewed.,Open source / partial.,partial,SAR-specific emerging FM,Verify paper before using in a formal exhaustive table.,https://ieeexplore.ieee.org/abstract/document/10856784,https://ieeexplore.ieee.org/abstract/document/10856784,https://github.com/waterdisappear/SARATR-X,,,SAR / radar-specialized FM,"[""semantic segmentation"", ""scene classification""]",Partial / unclear,transformer_masked,Transformer / masked-reconstruction encoder,single_modality,Single-modality encoders,1,2,task_label_count_fallback
sarmae,SARMAE,Earth observation foundation model,Synthetic Aperture Radar imagery.,"[""SAR""]",SAR-specific masked autoencoder.,"[""Transformer"", ""MAE/MIM""]","SAR image classification, target recognition, segmentation/change tasks.",Training scale not reported in registry source reviewed.,Open source / partial.,partial,SAR-specific partial FM,Included from latest RSFM registry.,https://arxiv.org/abs/2512.16635,https://arxiv.org/abs/2512.16635,https://github.com/MiliLab/SARMAE,,,SAR / radar-specialized FM,"[""semantic segmentation"", ""scene classification"", ""SAR target recognition""]",Partial / unclear,transformer_masked,Transformer / masked-reconstruction encoder,single_modality,Single-modality encoders,1,3,task_label_count_fallback
complex-sar-fm,Complex SAR FM,Earth observation foundation model,Complex-valued SAR / PolSAR-like data.,"[""SAR""]",Complex-valued foundation model architecture for SAR representations.,[],"SAR classification, segmentation and target/land-cover analysis.",Training scale not reported in registry source reviewed.,Partial / unclear.,partial,SAR-specific emerging FM,"Highly relevant to complex-valued SAR, but source-specific verification needed.",https://doi.org/10.1109/tip.2026.3652417,https://doi.org/10.1109/tip.2026.3652417,,,,SAR / radar-specialized FM,"[""semantic segmentation"", ""scene classification""]",Partial / unclear,transformer_masked,Transformer / masked-reconstruction encoder,single_modality,Single-modality encoders,1,2,task_label_count_fallback
crossearth-sar,CrossEarth-SAR,Earth observation foundation model,SAR plus cross-modal/cross-domain EO data.,"[""SAR""]",Cross-modal SAR representation learning / foundation model.,[],"SAR classification, segmentation, detection and cross-modal transfer tasks.",Training scale not reported in registry source reviewed.,Partial / unclear.,partial,SAR-specific emerging FM,Registry-listed; needs full paper check before claiming exact tasks.,https://arxiv.org/abs/2603.12008,https://arxiv.org/abs/2603.12008,https://github.com/VisionXLab/CrossEarth-SAR,,,SAR / radar-specialized FM,"[""semantic segmentation"", ""scene classification""]",Partial / unclear,transformer_masked,Transformer / masked-reconstruction encoder,single_modality,Single-modality encoders,1,2,task_label_count_fallback
ringmo,RingMo,Earth observation foundation model,"Remote-sensing imagery, mainly optical/high-resolution imagery.","[""optical""]",Masked image modeling with ring-shaped masking strategy for RS images.,"[""MAE/MIM""]","Scene classification, object detection, semantic segmentation, and RS transfer tasks.",Training scale varies by paper/version; exact token count not reported in registry source.,Open source / partial.,partial,Strong early RS FM,"Important Chinese RSFM family; later variants include RingMo-Sense, RingMo-Aerial, RingMoE, RingMamba.",https://ieeexplore.ieee.org/abstract/document/9844015,https://ieeexplore.ieee.org/abstract/document/9844015,https://github.com/comeony/RingMo,,,Vision / multimodal EO FM,"[""semantic segmentation"", ""scene classification"", ""object detection""]",Partial / unclear,transformer_masked,Transformer / masked-reconstruction encoder,multi_modality,Multi-modality encoders,2,3,task_label_count_fallback
ringmo-sense,RingMo-Sense,Earth observation foundation model,"Remote-sensing imagery, broader sensor support than original RingMo.",[],RingMo-family masked modeling for RS data.,"[""MAE/MIM""]","Classification, detection, segmentation, and change/land-cover transfer tasks.",Training scale not reported in registry source reviewed.,Open source / partial.,partial,Strong / partial RS FM,Registry-listed RingMo family variant.,https://ieeexplore.ieee.org/abstract/document/10254320,https://ieeexplore.ieee.org/abstract/document/10254320,,,,Vision / multimodal EO FM,"[""semantic segmentation"", ""scene classification""]",Partial / unclear,transformer_masked,Transformer / masked-reconstruction encoder,multi_modality,Multi-modality encoders,2,2,task_label_count_fallback
ringmo-aerial,RingMo-Aerial,Earth observation foundation model,Aerial/high-resolution optical imagery.,"[""optical"", ""aerial""]",RingMo-family aerial-image foundation model.,[],"Aerial scene classification, object detection, segmentation and mapping tasks.",Training scale not reported in registry source reviewed.,Open source / partial.,partial,Partial / aerial RS FM,Useful if your definition includes aerial RS.,https://doi.org/10.1109/tpami.2025.3602237,https://doi.org/10.1109/tpami.2025.3602237,,,,Vision / multimodal EO FM,"[""semantic segmentation"", ""scene classification"", ""object detection""]",Partial / unclear,transformer_masked,Transformer / masked-reconstruction encoder,multi_modality,Multi-modality encoders,2,3,task_label_count_fallback
ringmoe,RingMoE,Earth observation foundation model,"Remote-sensing imagery, multimodal/mixture expert variants.",[],Mixture-of-experts extension in RingMo family.,[],"Classification, detection, segmentation and RS transfer tasks.",Training scale not reported in registry source reviewed.,Partial / unclear.,partial,Emerging RS FM,Registry-listed variant; needs full paper verification.,https://doi.org/10.1109/tpami.2025.3643453,https://doi.org/10.1109/tpami.2025.3643453,,,,Vision / multimodal EO FM,"[""semantic segmentation"", ""scene classification""]",Partial / unclear,transformer_masked,Transformer / masked-reconstruction encoder,multi_modality,Multi-modality encoders,2,2,task_label_count_fallback
ringmamba,RingMamba,Earth observation foundation model,Remote-sensing imagery.,[],Mamba/state-space inspired RingMo-family architecture.,"[""Mamba""]","Classification, segmentation, detection and transfer tasks.",Training scale not reported in registry source reviewed.,Partial / unclear.,partial,Emerging RS FM,Architecture-diversity row.,https://doi.org/10.1109/tgrs.2025.3603998,https://doi.org/10.1109/tgrs.2025.3603998,https://github.com/ningerhhh/RIFR,,,Vision / multimodal EO FM,"[""semantic segmentation"", ""scene classification""]",Partial / unclear,state_space,State-space / sequence model,multi_modality,Multi-modality encoders,2,2,task_label_count_fallback
agrifm,AgriFM,Earth observation foundation model,"Multi-source temporal remote-sensing data for agriculture, likely optical/SAR/time-series depending on dataset.","[""optical"", ""SAR"", ""time series""]",Agriculture-focused temporal RS foundation model.,[],"Crop mapping, crop-type classification, field/agricultural segmentation and agriculture monitoring.",Training scale not reported in registry source reviewed.,Partial / unclear.,partial,Domain-specific EO FM,Strong domain specialization but narrower than general EO FMs.,https://doi.org/10.1016/j.rse.2026.115234,https://doi.org/10.1016/j.rse.2026.115234,https://github.com/flyakon/AgriFM,,,SAR / radar-specialized FM,"[""semantic segmentation"", ""scene classification"", ""crop-type mapping""]",Partial / unclear,transformer_masked,Transformer / masked-reconstruction encoder,multi_modality,Multi-modality encoders,2,3,task_label_count_fallback
panopticon,Panopticon,Earth observation foundation model,Remote-sensing imagery; likely high-resolution optical with dense labels.,"[""optical""]",General RS visual foundation/pretraining model.,[],"Classification, segmentation, detection and panoptic-style RS tasks.",Training scale not reported in registry source reviewed.,Partial / unclear.,partial,Emerging / partial EO FM,"Registry-listed, source-specific details need verification.",https://arxiv.org/abs/2503.10845,https://arxiv.org/abs/2503.10845,https://github.com/Panopticon-FM/panopticon,,,Vision / multimodal EO FM,"[""semantic segmentation"", ""scene classification""]",Partial / unclear,transformer_masked,Transformer / masked-reconstruction encoder,multi_modality,Multi-modality encoders,2,2,task_label_count_fallback
maestro,MAESTRO,Earth observation foundation model,Remote-sensing imagery and/or time-series depending on version.,"[""time series""]",Masked/self-supervised EO representation model.,"[""MAE/MIM""]","Classification, segmentation and transfer tasks.",Training scale not reported in registry source reviewed.,Partial / unclear.,partial,Emerging / partial EO FM,Registry-listed; fill exact tasks after full paper reading.,https://openaccess.thecvf.com/content/WACV2026/papers/Labatie_MAESTRO_Masked_AutoEncoders_for_Multimodal_Multitemporal_and_Multispectral_Earth_Observation_WACV_2026_paper.pdf,https://openaccess.thecvf.com/content/WACV2026/papers/Labatie_MAESTRO_Masked_AutoEncoders_for_Multimodal_Multitemporal_and_Multispectral_Earth_Observation_WACV_2026_paper.pdf,https://github.com/IGNF/MAESTRO,,,Vision / multimodal EO FM,"[""semantic segmentation"", ""scene classification""]",Partial / unclear,transformer_masked,Transformer / masked-reconstruction encoder,multi_modality,Multi-modality encoders,2,2,task_label_count_fallback
mtp,MTP,Earth observation foundation model,Remote-sensing imagery and temporal data.,"[""time series""]",Multi-task/multi-temporal pretraining architecture.,[],"Classification, segmentation, detection/change and temporal transfer tasks.",Training scale not reported in registry source reviewed.,Partial / unclear.,partial,Partial EO FM,Registry-listed; not enough public summary detail for exact token count.,https://doi.org/10.1109/jstars.2024.3408154,https://doi.org/10.1109/jstars.2024.3408154,https://github.com/ViTAE-Transformer/MTP,,,Vision / multimodal EO FM,"[""semantic segmentation"", ""scene classification"", ""time-series analysis""]",Partial / unclear,transformer_masked,Transformer / masked-reconstruction encoder,multi_modality,Multi-modality encoders,2,3,task_label_count_fallback
rs-dfm,RS-DFM,Earth observation foundation model,Remote-sensing collaborative perception data; aerial/drone-style multimodal scenes.,"[""aerial""]",Distributed foundation model for collaborative remote-sensing perception.,[],"AirCo-MultiTasks: 3D object detection, instance segmentation, and trajectory prediction.",Training scale not reported in abstract snippet reviewed.,Partial / unclear.,partial,Specialized RS FM,More collaborative perception than classic satellite EO.,https://arxiv.org/abs/2406.07035,https://arxiv.org/abs/2406.07035,,,,Vision / multimodal EO FM,"[""semantic segmentation"", ""object detection"", ""forecasting / prediction""]",Partial / unclear,transformer_masked,Transformer / masked-reconstruction encoder,multi_modality,Multi-modality encoders,2,3,task_label_count_fallback
oreole-fm,OReole-FM,Earth observation foundation model,"Remote-sensing imagery, likely optical multispectral/high-resolution.","[""optical""]",Optical RS foundation model; masked/contrastive pretraining family.,"[""MAE/MIM""]","Classification, detection, segmentation and transfer tasks.",Training scale not reported in registry source reviewed.,Partial / unclear.,partial,Emerging / partial EO FM,Registry-listed.,https://doi.org/10.1145/3678717.3691292,https://doi.org/10.1145/3678717.3691292,,,,Vision / multimodal EO FM,"[""semantic segmentation"", ""scene classification""]",Partial / unclear,joint_embedding,Joint-embedding / contrastive-predictive encoder,multi_modality,Multi-modality encoders,2,2,task_label_count_fallback
satvision-toa,SatVision-TOA,Earth observation foundation model,Top-of-atmosphere satellite imagery.,[],Foundation model for satellite imagery at TOA level.,[],"Classification, segmentation and transfer tasks for raw/TOA-like satellite data.",Training scale not reported in registry source reviewed.,Partial / unclear.,partial,Emerging EO FM,Potentially important for physical/preprocessing-aware EO.,https://arxiv.org/abs/2411.17000,https://arxiv.org/abs/2411.17000,https://github.com/nasa-nccs-hpda/pytorch-caney,,,Vision / multimodal EO FM,"[""semantic segmentation"", ""scene classification""]",Partial / unclear,transformer_masked,Transformer / masked-reconstruction encoder,multi_modality,Multi-modality encoders,2,2,task_label_count_fallback
wv-net,WV-Net,Earth observation foundation model,WorldView/high-resolution commercial satellite imagery.,[],High-resolution satellite foundation/pretraining model.,[],"Object detection, segmentation, scene classification and high-resolution mapping.",Training scale not reported in registry source reviewed.,Partial / unclear.,partial,HR optical partial FM,Include if commercial/high-res EO is in scope.,https://arxiv.org/abs/2406.18765,https://arxiv.org/abs/2406.18765,,,,Vision / multimodal EO FM,"[""semantic segmentation"", ""scene classification"", ""object detection""]",Partial / unclear,transformer_masked,Transformer / masked-reconstruction encoder,multi_modality,Multi-modality encoders,2,3,task_label_count_fallback
summit,SUMMIT,Earth observation foundation model,Remote-sensing imagery; likely multimodal or multiscale visual inputs.,[],Self-supervised/multimodal RS foundation model.,[],"Classification, segmentation, detection/change transfer tasks.",Training scale not reported in registry source reviewed.,Partial / unclear.,partial,Emerging / partial EO FM,Registry-listed; exact details need full paper verification.,https://doi.org/10.1016/j.jag.2025.104624,https://doi.org/10.1016/j.jag.2025.104624,,,,Vision / multimodal EO FM,"[""semantic segmentation"", ""scene classification""]",Partial / unclear,transformer_masked,Transformer / masked-reconstruction encoder,multi_modality,Multi-modality encoders,2,2,task_label_count_fallback
esfm,ESFM,Earth observation foundation model,"Earth-system heterogeneous data: climate/weather grids, satellite data with missing values, station data and other spatio-temporal variables.","[""climate"", ""time series""]",Earth System Foundation Model built on 3D Swin UNet/Aurora-style backbone with missing-data and heterogeneous-data extensions.,[],"Forecasting, climate/weather downstream applications, downscaling/assimilation-style tasks and heterogeneous Earth-system modeling.",Exact token count not reported in abstract. Fully open model announced; Earth-system rather than pure EO imagery.,Open source reported.,open,Earth-system FM adjacent to EO,Include in an appendix or separate section if your table is strictly EO satellite imagery.,https://arxiv.org/abs/2605.00850,https://arxiv.org/abs/2605.00850,,,,Earth-system / climate FM,"[""forecasting / prediction""]",Open,transformer_masked,Transformer / masked-reconstruction encoder,generalist,Generalist models,4,1,task_label_count_fallback
prithvi-wxc,Prithvi WxC,Earth observation foundation model,"Weather and climate variables from reanalysis/observation datasets, not primarily satellite imagery.","[""climate""]",2.3B parameter weather/climate foundation model.,[],"Autoregressive forecasting, downscaling, gravity wave flux parameterization, and extreme-event applications.",2.3B parameters; trained on large weather/climate data such as MERRA-2 variables.,Open source / partial: Hugging Face resources reported.,partial,Earth-system FM adjacent to EO,Useful for EO+climate table but separate from visual EO FMs.,https://arxiv.org/abs/2409.13598,https://arxiv.org/abs/2409.13598,,,,Earth-system / climate FM,"[""forecasting / prediction""]",Partial / unclear,transformer_masked,Transformer / masked-reconstruction encoder,single_modality,Single-modality encoders,1,1,task_label_count_fallback
remoteclip,RemoteCLIP,EO / remote-sensing vision-language foundation model,Image-text remote-sensing pairs; optical RS images plus captions/text.,"[""optical"", ""text""]",CLIP-style contrastive vision-language model.,"[""CLIP/VLM""]","Image-text retrieval, zero-shot scene classification, caption-aligned RS search, visual-language transfer.",Training scale varies by dataset; exact token/image count not in registry source reviewed.,Open source / partial.,partial,RS vision-language FM,Not a pure visual EO FM; include if language-capable FMs are in scope.,https://arxiv.org/abs/2306.11029,https://arxiv.org/abs/2306.11029,https://github.com/ChenDelong1999/RemoteCLIP,,,Vision-language / MLLM,"[""scene classification"", ""image-text retrieval"", ""zero-shot classification"", ""captioning""]",Partial / unclear,vision_language,Vision-language / EO MLLM,vision_language,Vision-language / MLLM,3,4,curated_reported_evaluations
georsclip,GeoRSCLIP,EO / remote-sensing vision-language foundation model,Remote-sensing imagery plus geospatial text/captions.,"[""text""]",CLIP-style geospatial contrastive pretraining.,"[""CLIP/VLM""]","Zero-shot classification, image-text retrieval, cross-modal search and representation transfer.",Training scale not reported in registry source reviewed.,Open source / partial.,partial,RS VLM,Good for language-aligned EO retrieval.,https://arxiv.org/abs/2306.11300,https://arxiv.org/abs/2306.11300,https://github.com/om-ai-lab/RS5M,,,Vision-language / MLLM,"[""scene classification"", ""image-text retrieval"", ""zero-shot classification""]",Partial / unclear,vision_language,Vision-language / EO MLLM,vision_language,Vision-language / MLLM,3,3,task_label_count_fallback
skyclip,SkyCLIP,EO / remote-sensing vision-language foundation model,Remote-sensing image-text pairs.,"[""text""]",CLIP-style contrastive model.,"[""CLIP/VLM""]","Image-text retrieval, zero-shot classification, caption search.",Training scale not reported in registry source reviewed.,Open source / partial.,partial,RS VLM,Registry-listed.,https://arxiv.org/abs/2312.12856,https://arxiv.org/abs/2312.12856,https://github.com/wangzhecheng/SkyScript,,,Vision-language / MLLM,"[""scene classification"", ""image-text retrieval"", ""zero-shot classification"", ""captioning""]",Partial / unclear,vision_language,Vision-language / EO MLLM,vision_language,Vision-language / MLLM,3,4,task_label_count_fallback
earthgpt,EarthGPT,EO / remote-sensing vision-language foundation model,Remote-sensing images plus language prompts/instructions.,"[""text""]",Multimodal large language model for RS/EO.,"[""CLIP/VLM""]","Visual question answering, captioning, scene understanding, object/region reasoning, instruction following.",Training scale not reported in registry source reviewed.,Open source / partial.,partial,RS MLLM,Language model rather than visual encoder-only FM.,https://doi.org/10.1109/tgrs.2024.3409624,https://doi.org/10.1109/tgrs.2024.3409624,https://github.com/wivizhang/EarthGPT,,,Vision-language / MLLM,"[""captioning"", ""visual question answering"", ""reasoning / instruction following""]",Partial / unclear,vision_language,Vision-language / EO MLLM,vision_language,Vision-language / MLLM,3,5,curated_reported_evaluations
geochat,GeoChat,EO / remote-sensing vision-language foundation model,Remote-sensing imagery plus language dialogue.,"[""text""]",Remote-sensing multimodal chat/MLLM.,"[""MLLM""]","VQA, captioning, region grounding, image interpretation, visual reasoning.",Training scale not reported in registry source reviewed.,Open source / partial.,partial,RS MLLM,Useful in EO FM landscape but not always counted as sensor foundation model.,https://openaccess.thecvf.com/content/CVPR2024/html/Kuckreja_GeoChat_Grounded_Large_Vision-Language_Model_for_Remote_Sensing_CVPR_2024_paper.html,https://openaccess.thecvf.com/content/CVPR2024/html/Kuckreja_GeoChat_Grounded_Large_Vision-Language_Model_for_Remote_Sensing_CVPR_2024_paper.html,https://github.com/mbzuai-oryx/GeoChat,,,Vision-language / MLLM,"[""captioning"", ""visual question answering"", ""visual grounding / referring"", ""reasoning / instruction following""]",Partial / unclear,vision_language,Vision-language / EO MLLM,vision_language,Vision-language / MLLM,3,5,curated_reported_evaluations
rs-llava,RS-LLaVA,EO / remote-sensing vision-language foundation model,Remote-sensing images plus instruction data.,[],LLaVA-style RS multimodal instruction model.,"[""MLLM""]","Captioning, VQA, scene/object reasoning, instruction following.",Training scale not reported in registry source reviewed.,Open source / partial.,partial,RS MLLM,Instruction-tuned VLM.,https://www.mdpi.com/2072-4292/16/9/1477,https://www.mdpi.com/2072-4292/16/9/1477,https://github.com/BigData-KSU/RS-LLaVA,,,Vision-language / MLLM,"[""captioning"", ""visual question answering"", ""reasoning / instruction following""]",Partial / unclear,vision_language,Vision-language / EO MLLM,vision_language,Vision-language / MLLM,3,3,task_label_count_fallback
lhrs-bot,LHRS-Bot,EO / remote-sensing vision-language foundation model,Large-scale high-resolution RS images plus text/instructions.,"[""text""]",Remote-sensing chatbot/MLLM.,"[""MLLM""]","High-resolution RS VQA, captioning, scene interpretation, object reasoning.",Training scale not reported in registry source reviewed.,Open source / partial.,partial,RS MLLM,High-resolution language interface row.,https://arxiv.org/abs/2402.02544,https://arxiv.org/abs/2402.02544,https://github.com/NJU-LHRS/LHRS-Bot,,,Vision-language / MLLM,"[""captioning"", ""visual question answering"", ""reasoning / instruction following""]",Partial / unclear,vision_language,Vision-language / EO MLLM,vision_language,Vision-language / MLLM,3,3,task_label_count_fallback
ringmogpt,RingMoGPT,EO / remote-sensing vision-language foundation model,Remote-sensing images plus language prompts.,"[""text""]",RingMo-family vision encoder connected to GPT/LLM.,"[""Transformer"", ""MLLM""]","Captioning, VQA, scene interpretation and RS dialogue.",Training scale not reported in registry source reviewed.,Open source / partial.,partial,RS MLLM,RingMo language branch.,https://ieeexplore.ieee.org/document/10777289,https://ieeexplore.ieee.org/document/10777289,,,,Vision-language / MLLM,"[""captioning"", ""visual question answering"", ""reasoning / instruction following""]",Partial / unclear,vision_language,Vision-language / EO MLLM,vision_language,Vision-language / MLLM,3,3,task_label_count_fallback
skysensegpt,SkySenseGPT,EO / remote-sensing vision-language foundation model,SkySense visual representations plus LLM/instruction data.,[],SkySense-family multimodal language model.,"[""CLIP/VLM""]","VQA, captioning, image interpretation and dialogue.",Training scale not reported in registry source reviewed.,Open source / partial.,partial,RS MLLM,SkySense language branch.,https://arxiv.org/abs/2406.10100,https://arxiv.org/abs/2406.10100,https://github.com/Luo-Z13/SkySenseGPT,,,Vision-language / MLLM,"[""captioning"", ""visual question answering"", ""reasoning / instruction following""]",Partial / unclear,vision_language,Vision-language / EO MLLM,vision_language,Vision-language / MLLM,3,4,curated_reported_evaluations
dofa-clip,DOFA-CLIP,EO / remote-sensing vision-language foundation model,Spectral/EO imagery plus language alignment.,"[""text""]",DOFA-style spectral dynamic encoder aligned with CLIP-like text space.,"[""Transformer"", ""CLIP/VLM""]","Zero-shot classification, image-text retrieval, spectral-language transfer.",Training scale not reported in registry source reviewed.,Open source / partial.,partial,RS VLM,Interesting bridge between DOFA and CLIP.,https://arxiv.org/abs/2503.06312,https://arxiv.org/abs/2503.06312,https://github.com/xiong-zhitong/GeoLB-SigLIP,,,Vision-language / MLLM,"[""scene classification"", ""image-text retrieval"", ""zero-shot classification""]",Partial / unclear,vision_language,Vision-language / EO MLLM,vision_language,Vision-language / MLLM,3,3,task_label_count_fallback
geoground,GeoGround,EO / remote-sensing vision-language foundation model,Remote-sensing imagery plus grounding expressions.,[],Vision-language grounding model.,"[""CLIP/VLM""]","Referring-expression grounding, object localization, region-text alignment.",Training scale not reported in registry source reviewed.,Open source / partial.,partial,RS VLM/grounding,"Grounding-specific, not a general sensor FM.",https://arxiv.org/abs/2411.11904,https://arxiv.org/abs/2411.11904,https://github.com/zytx121/GeoGround,,,Vision-language / MLLM,"[""visual grounding / referring""]",Partial / unclear,vision_language,Vision-language / EO MLLM,vision_language,Vision-language / MLLM,3,1,task_label_count_fallback
rsunivlm,RSUniVLM,EO / remote-sensing vision-language foundation model,Remote-sensing images plus language.,"[""text""]",Unified RS vision-language model.,"[""CLIP/VLM""]","VQA, captioning, retrieval, grounding/segmentation-style language tasks.",Training scale not reported in registry source reviewed.,Open source / partial.,partial,RS VLM,Registry-listed unified VLM.,https://arxiv.org/abs/2412.05679,https://arxiv.org/abs/2412.05679,,,,Vision-language / MLLM,"[""semantic segmentation"", ""image-text retrieval"", ""captioning"", ""visual question answering"", ""visual grounding / referring""]",Partial / unclear,vision_language,Vision-language / EO MLLM,vision_language,Vision-language / MLLM,3,5,task_label_count_fallback
reo-vlm,REO-VLM,EO / remote-sensing vision-language foundation model,EO imagery plus language.,"[""text""]",EO vision-language model.,"[""CLIP/VLM""]","VQA, captioning, retrieval, visual reasoning.",Training scale not reported in registry source reviewed.,Open source / partial.,partial,EO VLM,Registry-listed.,https://arxiv.org/abs/2412.16583,https://arxiv.org/abs/2412.16583,,,,Vision-language / MLLM,"[""image-text retrieval"", ""captioning"", ""visual question answering"", ""reasoning / instruction following""]",Partial / unclear,vision_language,Vision-language / EO MLLM,vision_language,Vision-language / MLLM,3,4,task_label_count_fallback
fusar-gpt,FUSAR-GPT,EO / remote-sensing vision-language foundation model,SAR imagery plus language.,"[""SAR"", ""text""]",SAR-specialized GPT/MLLM architecture.,"[""MLLM""]","SAR interpretation, captioning, VQA, target/scene reasoning.",Training scale not reported in registry source reviewed.,Open source / partial.,partial,SAR MLLM,Include in SAR language-capable appendix.,https://arxiv.org/abs/2602.19190,https://arxiv.org/abs/2602.19190,,,,Vision-language / MLLM,"[""captioning"", ""visual question answering"", ""reasoning / instruction following""]",Partial / unclear,vision_language,Vision-language / EO MLLM,vision_language,Vision-language / MLLM,3,3,task_label_count_fallback
sarclip,SARCLIP,EO / remote-sensing vision-language foundation model,SAR imagery plus text.,"[""SAR"", ""text""]",CLIP-style contrastive SAR-language model.,"[""CLIP/VLM""]","SAR image-text retrieval, zero-shot SAR classification, semantic SAR search.",Training scale not reported in registry source reviewed.,Open source / partial.,partial,SAR VLM,Registry-listed.,https://doi.org/10.1016/j.isprsjprs.2025.10.011,https://doi.org/10.1016/j.isprsjprs.2025.10.011,,https://huggingface.co/BiliSakura/SARCLIP-ViT-L-14,,Vision-language / MLLM,"[""scene classification"", ""image-text retrieval"", ""zero-shot classification""]",Partial / unclear,vision_language,Vision-language / EO MLLM,vision_language,Vision-language / MLLM,3,3,task_label_count_fallback
earthdial,EarthDial,EO / remote-sensing vision-language foundation model,EO imagery plus dialogue/instruction data.,"[""text""]",Dialogue-oriented EO MLLM.,"[""MLLM""]","Remote-sensing dialogue, VQA, captioning, interpretation.",Training scale not reported in registry source reviewed.,Open source / partial.,partial,EO MLLM,Registry-listed.,https://openaccess.thecvf.com/content/CVPR2025/html/Soni_EarthDial_Turning_Multi-sensory_Earth_Observations_to_Interactive_Dialogues_CVPR_2025_paper.html,https://openaccess.thecvf.com/content/CVPR2025/html/Soni_EarthDial_Turning_Multi-sensory_Earth_Observations_to_Interactive_Dialogues_CVPR_2025_paper.html,https://github.com/hiyamdebary/EarthDial,,,Vision-language / MLLM,"[""captioning"", ""visual question answering"", ""reasoning / instruction following""]",Partial / unclear,vision_language,Vision-language / EO MLLM,vision_language,Vision-language / MLLM,3,3,task_label_count_fallback
teochat,TEOChat,EO / remote-sensing vision-language foundation model,EO imagery plus language.,"[""text""]",Chat-oriented EO multimodal model.,"[""MLLM""]","VQA, captioning, dialogue, scene interpretation.",Training scale not reported in registry source reviewed.,Open source / partial.,partial,EO MLLM,Registry-listed.,https://arxiv.org/abs/2410.06234,https://arxiv.org/abs/2410.06234,https://github.com/ermongroup/TEOChat,,,Vision-language / MLLM,"[""captioning"", ""visual question answering"", ""reasoning / instruction following""]",Partial / unclear,vision_language,Vision-language / EO MLLM,vision_language,Vision-language / MLLM,3,3,task_label_count_fallback
lisat,LISAt,EO / remote-sensing vision-language foundation model,Remote-sensing imagery plus language/segmentation prompts.,"[""text""]",Language-instructed segmentation model.,"[""CLIP/VLM""]","Referring segmentation, semantic segmentation with text prompts, region grounding.",Training scale not reported in registry source reviewed.,Open source / partial.,partial,RS segmentation VLM,More segmentation model than universal FM.,https://arxiv.org/abs/2505.02829,https://arxiv.org/abs/2505.02829,,,,Vision-language / MLLM,"[""semantic segmentation"", ""visual grounding / referring""]",Partial / unclear,vision_language,Vision-language / EO MLLM,vision_language,Vision-language / MLLM,3,3,curated_reported_evaluations
rsgpt,RSGPT,EO / remote-sensing vision-language foundation model,Remote-sensing imagery plus text/instructions.,"[""text""]",GPT-style RS multimodal model.,"[""MLLM""]","Captioning, VQA, scene interpretation, visual reasoning.",Training scale not reported in registry source reviewed.,Open source / partial.,partial,RS MLLM,Registry-listed.,https://doi.org/10.1016/j.isprsjprs.2025.04.001,https://doi.org/10.1016/j.isprsjprs.2025.04.001,https://github.com/Lavender105/RSGPT,,,Vision-language / MLLM,"[""captioning"", ""visual question answering"", ""reasoning / instruction following""]",Partial / unclear,vision_language,Vision-language / EO MLLM,vision_language,Vision-language / MLLM,3,3,task_label_count_fallback
geopix,GeoPix,EO / remote-sensing vision-language foundation model,Geospatial imagery plus language/pixel tasks.,"[""text""]",Vision-language/pixel model for geospatial imagery.,"[""CLIP/VLM""]","Grounded captioning, VQA, segmentation/pixel reasoning depending on version.",Training scale not reported in registry source reviewed.,Open source / partial.,partial,Geo VLM,Newer registry-listed row.,https://arxiv.org/abs/2501.06828,https://arxiv.org/abs/2501.06828,https://github.com/Norman-Ou/GeoPix,,,Vision-language / MLLM,"[""semantic segmentation"", ""captioning"", ""visual question answering"", ""reasoning / instruction following""]",Partial / unclear,vision_language,Vision-language / EO MLLM,vision_language,Vision-language / MLLM,3,4,task_label_count_fallback
